seed,mode,scope,no_stop_J2,cohort_J2,no_stop_J2_pct,waiting_E1_s,mean_E1_to_E5_s,no_stop_full,cohort_full,no_stop_full_pct,full_waiting_s,stops_per_vehicle,mean_J0_to_J16_s,median_J0_to_J16_s,p90_J0_to_J16_s,secondary_J2_s,secondary_J10_s,secondary_J16_s,network_waiting_s,waiting_time,effective_flow,avg_queue_length,arrived,pending,corridor_pending,strict_no_stop,strict_cohort,secondary_total_s,pending_active,pending_insertion,horizon_s,SUMO_seed,step_s,offsets,delays_s,checkpoint,green_min_s,green_max_s,yellow_s,deterministic,route_sha256,constraint_violations,teleports,reference_equal,order,label,physical_window_coverage_J2_pct,physical_window_coverage_J10_pct,physical_window_coverage_J16_pct
42,plain_offset,full,38,42,90.47619047619048,207,14.261904761904763,16,19,84.21052631578948,165,0.15789473684210525,42.32,33.0,90.6,13819,10814,5838,47867,47862,30889.0,0.27697916666666605,1101,25,0,4,4,30471,24,1,3600,42,1,"[0, 0, 72, 24]",{},,15,15,4,True,0fd9f1551887d27919a6754f65bdc5fd92ba437e22ecb262282230f091bb7ff9,0,0,,2,Plain - offsets fijos,78.94736842105263,96.0,92.0
43,plain_offset,full,43,50,86.0,362,16.98,18,20,90.0,102,0.15,36.15,30.5,42.2,13626,10512,6270,49266,49259,30612.0,0.28506365740740686,1088,27,0,6,6,30408,27,0,3600,42,1,"[0, 0, 72, 24]",{},,15,15,4,True,abaad6e4490640d1f9b8b0d6d45c0105c2f4d8ae7ecf10226a6d893c54911433,0,0,,2,Plain - offsets fijos,60.0,27.62762762762763,34.40860215053763
44,plain_offset,full,46,48,95.83333333333333,105,11.020833333333334,16,19,84.21052631578948,164,0.21052631578947367,40.84,31.0,93.2,14073,10494,6011,48650,48644,31725.0,0.28150462962962913,1115,22,0,7,8,30578,22,0,3600,42,1,"[0, 0, 72, 24]",{},,15,15,4,True,39b6aa6adbf11a6517423e7450b295782f49a3c7d1c89d695d23257c27af4a52,0,0,,2,Plain - offsets fijos,84.375,51.181102362204726,96.7741935483871
45,plain_offset,full,39,45,86.66666666666667,321,17.0,16,20,80.0,224,0.3,43.6,31.0,93.5,13404,9751,5749,47937,47932,30797.0,0.27738425925925886,1092,33,0,5,6,28904,33,0,3600,42,1,"[0, 0, 72, 24]",{},,15,15,4,True,262724aa45ead3dade6348f08be0d7718bfae3cd73848e115eacf48772be75e7,0,0,,2,Plain - offsets fijos,64.36781609195403,31.32075471698113,100.0
46,plain_offset,full,40,47,85.1063829787234,360,17.29787234042553,13,15,86.66666666666667,105,0.26666666666666666,39.07,32.0,68.2,13860,9914,6070,48755,48751,31433.0,0.28212384259259243,1129,27,0,2,3,29844,27,0,3600,42,1,"[0, 0, 72, 24]",{},,15,15,4,True,885d4bcc67c61fdd400640f0278b2a230a431d99ff988cc04588825d2271ff62,0,0,,2,Plain - offsets fijos,63.63636363636363,30.501930501930502,100.0
42,v1,full,28,42,66.66666666666667,22,15.071428571428571,9,19,47.36842105263158,116,0.5263157894736842,44.0,38.0,53.0,13639,10582,4748,44024,44022,30956.0,0.254756944444445,1102,24,0,2,4,28969,23,1,3600,42,1,"[0, 0, 72, 24]","{""J2"": 11, ""J10"": 21, ""J16"": 31}",policy/models/model_future_v39_yellow_test36_3.pth,5,45,4,True,0fd9f1551887d27919a6754f65bdc5fd92ba437e22ecb262282230f091bb7ff9,0,0,True,4,V1 - adelanto por inicio,69.51219512195122,100.0,95.45454545454545
43,v1,full,32,50,64.0,40,14.06,12,20,60.0,16,0.4,36.6,36.0,40.3,13001,10316,4783,43673,43670,30589.0,0.25271990740740746,1091,24,0,4,6,28100,24,0,3600,42,1,"[0, 0, 72, 24]","{""J2"": 11, ""J10"": 21, ""J16"": 31}",policy/models/model_future_v39_yellow_test36_3.pth,5,45,4,True,abaad6e4490640d1f9b8b0d6d45c0105c2f4d8ae7ecf10226a6d893c54911433,0,0,True,4,V1 - adelanto por inicio,63.95348837209303,98.07692307692308,100.0
44,v1,full,23,48,47.916666666666664,43,15.0625,9,19,47.36842105263158,15,0.5263157894736842,36.79,36.0,40.4,13875,10664,5726,46171,46167,31923.0,0.26717013888888846,1115,22,0,5,8,30265,22,0,3600,42,1,"[0, 0, 72, 24]","{""J2"": 11, ""J10"": 21, ""J16"": 31}",policy/models/model_future_v39_yellow_test36_3.pth,5,45,4,True,39b6aa6adbf11a6517423e7450b295782f49a3c7d1c89d695d23257c27af4a52,0,0,True,4,V1 - adelanto por inicio,65.0,100.0,100.0
45,v1,full,32,45,71.11111111111111,22,13.822222222222223,13,20,65.0,9,0.35,36.6,37.0,40.1,12223,9113,3800,40972,40971,30595.0,0.23710069444444493,1096,29,0,5,6,25136,29,0,3600,42,1,"[0, 0, 72, 24]","{""J2"": 11, ""J10"": 21, ""J16"": 31}",policy/models/model_future_v39_yellow_test36_3.pth,5,45,4,True,262724aa45ead3dade6348f08be0d7718bfae3cd73848e115eacf48772be75e7,0,0,True,4,V1 - adelanto por inicio,66.23376623376623,95.0,100.0
46,v1,full,25,47,53.191489361702125,42,14.851063829787234,8,15,53.333333333333336,11,0.4666666666666667,35.8,36.0,40.0,13439,10773,5641,45518,45516,31687.0,0.2634027777777783,1125,31,0,1,3,29853,31,0,3600,42,1,"[0, 0, 72, 24]","{""J2"": 11, ""J10"": 21, ""J16"": 31}",policy/models/model_future_v39_yellow_test36_3.pth,5,45,4,True,885d4bcc67c61fdd400640f0278b2a230a431d99ff988cc04588825d2271ff62,0,0,True,4,V1 - adelanto por inicio,70.40816326530613,95.71428571428571,100.0
42,v2,full,34,42,80.95238095238095,68,14.761904761904763,10,19,52.63157894736842,222,0.5263157894736842,48.74,38.0,92.8,12022,9078,4529,44223,44220,31264.0,0.255902777777778,1101,25,0,2,4,25629,24,1,3600,42,1,"[0, 0, 72, 24]","{""J2"": 11, ""J10"": 21, ""J16"": 31}",policy/models/model_future_v39_yellow_test36_3.pth,5,45,4,True,0fd9f1551887d27919a6754f65bdc5fd92ba437e22ecb262282230f091bb7ff9,0,0,True,5,V2 - copia de verde PPO,85.24590163934427,94.54545454545455,92.5925925925926
43,v2,full,34,50,68.0,29,14.18,12,20,60.0,176,0.5,44.9,36.0,100.1,11816,8605,4740,44029,44022,30663.0,0.2547569444444441,1092,23,0,5,6,25161,23,0,3600,42,1,"[0, 0, 72, 24]","{""J2"": 11, ""J10"": 21, ""J16"": 31}",policy/models/model_future_v39_yellow_test36_3.pth,5,45,4,True,abaad6e4490640d1f9b8b0d6d45c0105c2f4d8ae7ecf10226a6d893c54911433,0,0,True,5,V2 - copia de verde PPO,75.0,83.07692307692308,95.45454545454545
44,v2,full,34,48,70.83333333333333,23,13.9375,10,19,52.63157894736842,64,0.47368421052631576,39.0,35.0,40.4,12135,9245,4855,45543,45537,32055.0,0.2635243055555562,1115,22,0,3,8,26235,22,0,3600,42,1,"[0, 0, 72, 24]","{""J2"": 11, ""J10"": 21, ""J16"": 31}",policy/models/model_future_v39_yellow_test36_3.pth,5,45,4,True,39b6aa6adbf11a6517423e7450b295782f49a3c7d1c89d695d23257c27af4a52,0,0,True,5,V2 - copia de verde PPO,75.80645161290323,96.07843137254902,100.0
45,v2,full,36,45,80.0,15,13.244444444444444,14,20,70.0,176,0.35,44.75,35.5,96.5,11257,7957,4547,43461,43457,30950.0,0.2514872685185184,1095,30,0,5,6,23761,30,0,3600,42,1,"[0, 0, 72, 24]","{""J2"": 11, ""J10"": 21, ""J16"": 31}",policy/models/model_future_v39_yellow_test36_3.pth,5,45,4,True,262724aa45ead3dade6348f08be0d7718bfae3cd73848e115eacf48772be75e7,0,0,True,5,V2 - copia de verde PPO,83.82352941176471,81.25,100.0
46,v2,full,40,47,85.1063829787234,16,13.191489361702128,15,15,100.0,0,0,35.33,34.0,39.6,11542,9268,5044,45143,45139,31624.0,0.2612210648148145,1132,24,0,3,3,25854,24,0,3600,42,1,"[0, 0, 72, 24]","{""J2"": 11, ""J10"": 21, ""J16"": 31}",policy/models/model_future_v39_yellow_test36_3.pth,5,45,4,True,885d4bcc67c61fdd400640f0278b2a230a431d99ff988cc04588825d2271ff62,0,0,True,5,V2 - copia de verde PPO,91.93548387096774,90.38461538461539,100.0
42,v3,full,39,42,92.85714285714286,7,12.285714285714286,16,19,84.21052631578948,5,0.15789473684210525,37.16,38.0,40.0,19354,10593,5178,50977,50970,31620.0,0.294965277777777,1087,39,0,4,4,35125,38,1,3600,42,1,"[0, 0, 72, 24]","{""J2"": 12, ""J10"": 22, ""J16"": 32}",policy/models/model_future_v39_yellow_test36_3.pth,5,45,4,True,0fd9f1551887d27919a6754f65bdc5fd92ba437e22ecb262282230f091bb7ff9,0,0,True,6,V3 - preaviso y ventana causal,95.45454545454545,93.22033898305085,100.0
43,v3,full,49,50,98.0,2,12.04,17,20,85.0,4,0.15,37.45,38.0,42.2,15734,10629,5356,48343,48341,30957.0,0.2797511574074071,1091,24,0,6,6,31719,24,0,3600,42,1,"[0, 0, 72, 24]","{""J2"": 12, ""J10"": 22, ""J16"": 32}",policy/models/model_future_v39_yellow_test36_3.pth,5,45,4,True,abaad6e4490640d1f9b8b0d6d45c0105c2f4d8ae7ecf10226a6d893c54911433,0,0,True,6,V3 - preaviso y ventana causal,91.17647058823529,87.87878787878788,100.0
44,v3,full,46,48,95.83333333333333,3,12.5,18,19,94.73684210526316,1,0.05263157894736842,35.53,35.0,38.4,16038,10879,6708,50243,50236,32258.0,0.29071759259259283,1108,29,0,8,8,33625,29,0,3600,42,1,"[0, 0, 72, 24]","{""J2"": 12, ""J10"": 22, ""J16"": 32}",policy/models/model_future_v39_yellow_test36_3.pth,5,45,4,True,39b6aa6adbf11a6517423e7450b295782f49a3c7d1c89d695d23257c27af4a52,0,0,True,6,V3 - preaviso y ventana causal,95.65217391304348,91.42857142857143,100.0
45,v3,full,43,45,95.55555555555556,2,12.044444444444444,19,20,95.0,1,0.05,35.45,36.0,39.2,14949,9688,5005,45999,45990,31010.0,0.2661458333333326,1095,30,0,6,6,29642,30,0,3600,42,1,"[0, 0, 72, 24]","{""J2"": 12, ""J10"": 22, ""J16"": 32}",policy/models/model_future_v39_yellow_test36_3.pth,5,45,4,True,262724aa45ead3dade6348f08be0d7718bfae3cd73848e115eacf48772be75e7,0,0,True,6,V3 - preaviso y ventana causal,93.44262295081967,93.54838709677419,100.0
46,v3,full,43,47,91.48936170212765,6,12.97872340425532,14,15,93.33333333333333,1,0.06666666666666667,34.87,35.0,38.8,18122,10999,6551,52237,52232,32160.0,0.3022685185185189,1126,30,0,3,3,35672,30,0,3600,42,1,"[0, 0, 72, 24]","{""J2"": 12, ""J10"": 22, ""J16"": 32}",policy/models/model_future_v39_yellow_test36_3.pth,5,45,4,True,885d4bcc67c61fdd400640f0278b2a230a431d99ff988cc04588825d2271ff62,0,0,True,6,V3 - preaviso y ventana causal,94.52054794520548,84.61538461538461,100.0
42,v3.1,full,40,42,95.23809523809524,4,12.619047619047619,15,19,78.94736842105263,4,0.21052631578947367,36.84,38.0,41.2,13511,10497,5467,44695,44691,30897.0,0.2586284722222227,1102,24,0,4,4,29475,23,1,3600,42,1,"[0, 0, 72, 24]","{""J2"": 12, ""J10"": 22, ""J16"": 32}",policy/models/model_future_v39_yellow_test36_3.pth,5,45,4,True,0fd9f1551887d27919a6754f65bdc5fd92ba437e22ecb262282230f091bb7ff9,0,0,,,,96.29629629629629,93.33333333333333,100.0
42,v3.2,full,40,42,95.23809523809524,4,12.357142857142858,15,19,78.94736842105263,6,0.21052631578947367,37.74,38.0,43.6,12926,10447,5448,45955,45948,31181.0,0.265902777777778,1101,25,0,4,4,28821,24,1,3600,42,1,"[0, 0, 72, 24]","{""J2"": 12, ""J10"": 22, ""J16"": 32}",policy/models/model_future_v39_yellow_test36_3.pth,5,45,4,True,0fd9f1551887d27919a6754f65bdc5fd92ba437e22ecb262282230f091bb7ff9,0,0,,,,95.23809523809524,93.33333333333333,100.0
42,v3.3,full,38,42,90.47619047619048,9,12.380952380952381,14,19,73.6842105263158,6,0.2631578947368421,37.21,38.0,42.2,13972,10408,5014,45033,45027,30972.0,0.260572916666667,1102,24,0,3,4,29394,23,1,3600,42,1,"[0, 0, 72, 24]","{""J2"": 12, ""J10"": 22, ""J16"": 32}",policy/models/model_future_v39_yellow_test36_3.pth,5,45,4,True,0fd9f1551887d27919a6754f65bdc5fd92ba437e22ecb262282230f091bb7ff9,0,0,,,,98.11320754716981,92.72727272727273,100.0
42,v3.4,full,39,42,92.85714285714286,4,12.476190476190476,16,19,84.21052631578948,46,0.15789473684210525,39.53,38.0,41.2,13436,9228,4638,42808,42805,30965.0,0.24771412037037022,1101,25,0,4,4,27302,24,1,3600,42,1,"[0, 0, 72, 24]","{""J2"": 12, ""J10"": 22, ""J16"": 32}",policy/models/model_future_v39_yellow_test36_3.pth,5,45,4,True,0fd9f1551887d27919a6754f65bdc5fd92ba437e22ecb262282230f091bb7ff9,0,0,,,,92.45283018867924,89.0909090909091,95.83333333333333
42,v3.5,full,39,42,92.85714285714286,4,12.476190476190476,16,19,84.21052631578948,46,0.15789473684210525,39.53,38.0,41.2,13436,9228,4638,42808,42805,30965.0,0.24771412037037022,1101,25,0,4,4,27302,24,1,3600,42,1,"[0, 0, 72, 24]","{""J2"": 12, ""J10"": 22, ""J16"": 32}",policy/models/model_future_v39_yellow_test36_3.pth,5,45,4,True,0fd9f1551887d27919a6754f65bdc5fd92ba437e22ecb262282230f091bb7ff9,0,0,,,,92.45283018867924,89.0909090909091,95.83333333333333
42,v3.6,full,40,42,95.23809523809524,2,11.547619047619047,16,19,84.21052631578948,48,0.15789473684210525,39.63,37.0,40.4,13989,9465,4836,43945,43941,31033.0,0.2542881944444435,1100,26,0,4,4,28290,25,1,3600,42,1,"[0, 0, 72, 24]","{""J2"": 12, ""J10"": 22, ""J16"": 32}",policy/models/model_future_v39_yellow_test36_3.pth,5,45,4,True,0fd9f1551887d27919a6754f65bdc5fd92ba437e22ecb262282230f091bb7ff9,0,0,,,,100.0,90.74074074074075,95.65217391304348
42,v3.7,full,41,42,97.61904761904762,1,11.30952380952381,16,19,84.21052631578948,55,0.21052631578947367,38.89,36.0,40.6,14324,9339,4602,44173,44169,31198.0,0.2556076388888887,1099,27,0,4,4,28265,26,1,3600,42,1,"[0, 0, 72, 24]","{""J2"": 12, ""J10"": 22, ""J16"": 32}",policy/models/model_future_v39_yellow_test36_3.pth,5,45,4,True,0fd9f1551887d27919a6754f65bdc5fd92ba437e22ecb262282230f091bb7ff9,0,0,,,,100.0,95.65217391304348,95.45454545454545
43,v3.1,full,47,50,94.0,5,11.48,19,20,95.0,2,0.05,35.3,36.0,38.3,13061,10278,5763,45809,45801,30755.0,0.2650520833333339,1086,29,0,6,6,29102,29,0,3600,42,1,"[0, 0, 72, 24]","{""J2"": 12, ""J10"": 22, ""J16"": 32}",policy/models/model_future_v39_yellow_test36_3.pth,5,45,4,True,abaad6e4490640d1f9b8b0d6d45c0105c2f4d8ae7ecf10226a6d893c54911433,0,0,,,,96.34146341463415,89.28571428571429,100.0
43,v3.2,full,48,50,96.0,5,12.38,18,20,90.0,6,0.1,36.7,37.0,42.0,11793,10427,5871,45420,45410,30629.0,0.2627893518518515,1087,28,0,6,6,28091,28,0,3600,42,1,"[0, 0, 72, 24]","{""J2"": 12, ""J10"": 22, ""J16"": 32}",policy/models/model_future_v39_yellow_test36_3.pth,5,45,4,True,abaad6e4490640d1f9b8b0d6d45c0105c2f4d8ae7ecf10226a6d893c54911433,0,0,,,,92.0,85.96491228070175,100.0
43,v3.3,full,45,50,90.0,8,11.64,16,20,80.0,7,0.2,36.0,34.5,43.1,13283,10406,5809,45600,45593,30504.0,0.26384837962963015,1089,26,0,6,6,29498,26,0,3600,42,1,"[0, 0, 72, 24]","{""J2"": 12, ""J10"": 22, ""J16"": 32}",policy/models/model_future_v39_yellow_test36_3.pth,5,45,4,True,abaad6e4490640d1f9b8b0d6d45c0105c2f4d8ae7ecf10226a6d893c54911433,0,0,,,,86.66666666666667,91.17647058823529,100.0
43,v3.4,full,50,50,100.0,0,11.48,18,20,90.0,5,0.1,36.7,36.5,40.3,12411,8778,4866,42374,42370,30332.0,0.2451967592592594,1094,21,0,5,6,26055,21,0,3600,42,1,"[0, 0, 72, 24]","{""J2"": 12, ""J10"": 22, ""J16"": 32}",policy/models/model_future_v39_yellow_test36_3.pth,5,45,4,True,abaad6e4490640d1f9b8b0d6d45c0105c2f4d8ae7ecf10226a6d893c54911433,0,0,,,,94.20289855072464,77.04918032786885,100.0
43,v3.5,full,50,50,100.0,0,11.56,19,20,95.0,1,0.05,36.1,36.5,41.2,12757,8957,4874,43466,43461,30700.0,0.2515104166666663,1088,27,0,6,6,26588,27,0,3600,42,1,"[0, 0, 72, 24]","{""J2"": 12, ""J10"": 22, ""J16"": 32}",policy/models/model_future_v39_yellow_test36_3.pth,5,45,4,True,abaad6e4490640d1f9b8b0d6d45c0105c2f4d8ae7ecf10226a6d893c54911433,0,0,,,,96.29629629629629,87.01298701298701,100.0
43,v3.6,full,49,50,98.0,1,10.84,16,20,80.0,4,0.2,35.05,34.5,40.2,12996,8575,5224,43538,43532,30523.0,0.2519212962962961,1088,27,0,6,6,26795,27,0,3600,42,1,"[0, 0, 72, 24]","{""J2"": 12, ""J10"": 22, ""J16"": 32}",policy/models/model_future_v39_yellow_test36_3.pth,5,45,4,True,abaad6e4490640d1f9b8b0d6d45c0105c2f4d8ae7ecf10226a6d893c54911433,0,0,,,,98.50746268656717,86.56716417910448,100.0
43,v3.7,full,49,50,98.0,1,10.58,18,20,90.0,2,0.1,34.7,34.5,38.4,12537,8449,4491,42489,42487,30358.0,0.24587384259259248,1090,25,0,5,6,25477,25,0,3600,42,1,"[0, 0, 72, 24]","{""J2"": 12, ""J10"": 22, ""J16"": 32}",policy/models/model_future_v39_yellow_test36_3.pth,5,45,4,True,abaad6e4490640d1f9b8b0d6d45c0105c2f4d8ae7ecf10226a6d893c54911433,0,0,,,,100.0,91.37931034482759,100.0
44,v3.1,full,47,48,97.91666666666667,3,11.708333333333334,16,19,84.21052631578948,5,0.15789473684210525,34.89,34.0,41.0,12290,11422,6279,46011,46008,31729.0,0.2662500000000003,1112,25,0,6,8,29991,25,0,3600,42,1,"[0, 0, 72, 24]","{""J2"": 12, ""J10"": 22, ""J16"": 32}",policy/models/model_future_v39_yellow_test36_3.pth,5,45,4,True,39b6aa6adbf11a6517423e7450b295782f49a3c7d1c89d695d23257c27af4a52,0,0,,,,93.54838709677419,89.1891891891892,97.14285714285714
44,v3.2,full,44,48,91.66666666666667,6,11.979166666666666,13,19,68.42105263157895,9,0.3157894736842105,34.32,35.0,38.0,11805,11358,6370,46558,46551,32037.0,0.26939236111111087,1111,26,0,7,8,29533,26,0,3600,42,1,"[0, 0, 72, 24]","{""J2"": 12, ""J10"": 22, ""J16"": 32}",policy/models/model_future_v39_yellow_test36_3.pth,5,45,4,True,39b6aa6adbf11a6517423e7450b295782f49a3c7d1c89d695d23257c27af4a52,0,0,,,,93.33333333333333,85.5072463768116,100.0
44,v3.3,full,48,48,100.0,0,12.208333333333334,18,19,94.73684210526316,1,0.05263157894736842,34.74,35.0,40.2,12974,10855,6634,46615,46606,31969.0,0.2697106481481477,1115,22,0,8,8,30463,22,0,3600,42,1,"[0, 0, 72, 24]","{""J2"": 12, ""J10"": 22, ""J16"": 32}",policy/models/model_future_v39_yellow_test36_3.pth,5,45,4,True,39b6aa6adbf11a6517423e7450b295782f49a3c7d1c89d695d23257c27af4a52,0,0,,,,94.11764705882354,88.57142857142857,100.0
44,v3.4,full,45,48,93.75,3,12.375,17,19,89.47368421052632,49,0.10526315789473684,37.95,35.0,39.6,12925,9518,5342,43776,43769,31764.0,0.25329282407407394,1113,24,0,7,8,27785,24,0,3600,42,1,"[0, 0, 72, 24]","{""J2"": 12, ""J10"": 22, ""J16"": 32}",policy/models/model_future_v39_yellow_test36_3.pth,5,45,4,True,39b6aa6adbf11a6517423e7450b295782f49a3c7d1c89d695d23257c27af4a52,0,0,,,,90.0,91.30434782608695,96.15384615384616
44,v3.5,full,45,48,93.75,3,11.958333333333334,18,19,94.73684210526316,1,0.05263157894736842,35.74,36.0,38.2,12874,9339,5489,44246,44238,31809.0,0.25600694444444483,1112,25,0,7,8,27702,25,0,3600,42,1,"[0, 0, 72, 24]","{""J2"": 12, ""J10"": 22, ""J16"": 32}",policy/models/model_future_v39_yellow_test36_3.pth,5,45,4,True,39b6aa6adbf11a6517423e7450b295782f49a3c7d1c89d695d23257c27af4a52,0,0,,,,91.52542372881356,89.85507246376811,100.0
44,v3.6,full,46,48,95.83333333333333,5,11.270833333333334,18,19,94.73684210526316,2,0.05263157894736842,33.63,34.0,37.2,13617,9657,5463,45369,45368,31899.0,0.2625462962962964,1112,25,0,8,8,28737,25,0,3600,42,1,"[0, 0, 72, 24]","{""J2"": 12, ""J10"": 22, ""J16"": 32}",policy/models/model_future_v39_yellow_test36_3.pth,5,45,4,True,39b6aa6adbf11a6517423e7450b295782f49a3c7d1c89d695d23257c27af4a52,0,0,,,,95.71428571428571,87.93103448275862,100.0
44,v3.7,full,48,48,100.0,0,11.1875,19,19,100.0,0,0,33.68,34.0,38.2,13094,9048,4935,43389,43379,31696.0,0.2510358796296302,1111,26,0,8,8,27077,26,0,3600,42,1,"[0, 0, 72, 24]","{""J2"": 12, ""J10"": 22, ""J16"": 32}",policy/models/model_future_v39_yellow_test36_3.pth,5,45,4,True,39b6aa6adbf11a6517423e7450b295782f49a3c7d1c89d695d23257c27af4a52,0,0,,,,100.0,95.08196721311475,100.0
45,v3.1,full,43,45,95.55555555555556,2,12.177777777777777,19,20,95.0,1,0.05,34.45,35.0,39.2,11974,9770,5621,43300,43295,30849.0,0.25054976851851773,1095,30,0,6,6,27365,30,0,3600,42,1,"[0, 0, 72, 24]","{""J2"": 12, ""J10"": 22, ""J16"": 32}",policy/models/model_future_v39_yellow_test36_3.pth,5,45,4,True,262724aa45ead3dade6348f08be0d7718bfae3cd73848e115eacf48772be75e7,0,0,,,,89.39393939393939,93.22033898305085,100.0
45,v3.2,full,41,45,91.11111111111111,6,12.6,18,20,90.0,4,0.1,35.8,36.5,39.2,11175,10001,5758,44389,44383,30825.0,0.2568460648148151,1093,32,0,5,6,26934,32,0,3600,42,1,"[0, 0, 72, 24]","{""J2"": 12, ""J10"": 22, ""J16"": 32}",policy/models/model_future_v39_yellow_test36_3.pth,5,45,4,True,262724aa45ead3dade6348f08be0d7718bfae3cd73848e115eacf48772be75e7,0,0,,,,98.52941176470588,96.42857142857143,100.0
45,v3.3,full,41,45,91.11111111111111,7,11.977777777777778,15,20,75.0,9,0.25,35.85,36.5,40.0,12223,9368,5040,42817,42814,30804.0,0.24776620370370356,1095,30,0,6,6,26631,30,0,3600,42,1,"[0, 0, 72, 24]","{""J2"": 12, ""J10"": 22, ""J16"": 32}",policy/models/model_future_v39_yellow_test36_3.pth,5,45,4,True,262724aa45ead3dade6348f08be0d7718bfae3cd73848e115eacf48772be75e7,0,0,,,,95.3125,93.44262295081967,100.0
45,v3.4,full,43,45,95.55555555555556,3,12.266666666666667,16,20,80.0,45,0.2,38.3,36.0,41.1,11422,8279,5341,42080,42074,30800.0,0.24348379629629627,1097,28,0,5,6,25042,28,0,3600,42,1,"[0, 0, 72, 24]","{""J2"": 12, ""J10"": 22, ""J16"": 32}",policy/models/model_future_v39_yellow_test36_3.pth,5,45,4,True,262724aa45ead3dade6348f08be0d7718bfae3cd73848e115eacf48772be75e7,0,0,,,,89.65517241379311,91.93548387096774,95.65217391304348
45,v3.5,full,43,45,95.55555555555556,3,12.28888888888889,16,20,80.0,62,0.2,39.1,36.0,41.1,11519,8355,5381,42058,42054,30751.0,0.24336805555555566,1095,30,0,5,6,25255,30,0,3600,42,1,"[0, 0, 72, 24]","{""J2"": 12, ""J10"": 22, ""J16"": 32}",policy/models/model_future_v39_yellow_test36_3.pth,5,45,4,True,262724aa45ead3dade6348f08be0d7718bfae3cd73848e115eacf48772be75e7,0,0,,,,89.65517241379311,90.3225806451613,95.65217391304348
45,v3.6,full,45,45,100.0,0,11.377777777777778,18,20,90.0,2,0.1,35.55,35.5,40.0,12152,8329,4696,41508,41502,30549.0,0.24017361111111135,1094,31,0,4,6,25177,31,0,3600,42,1,"[0, 0, 72, 24]","{""J2"": 12, ""J10"": 22, ""J16"": 32}",policy/models/model_future_v39_yellow_test36_3.pth,5,45,4,True,262724aa45ead3dade6348f08be0d7718bfae3cd73848e115eacf48772be75e7,0,0,,,,98.14814814814815,98.36065573770492,100.0
45,v3.7,full,45,45,100.0,0,10.71111111111111,20,20,100.0,0,0,32.9,33.0,37.2,12376,8060,5035,42434,42429,30758.0,0.24553819444444488,1097,28,0,6,6,25471,28,0,3600,42,1,"[0, 0, 72, 24]","{""J2"": 12, ""J10"": 22, ""J16"": 32}",policy/models/model_future_v39_yellow_test36_3.pth,5,45,4,True,262724aa45ead3dade6348f08be0d7718bfae3cd73848e115eacf48772be75e7,0,0,,,,98.11320754716981,95.0,100.0
46,v3.1,full,44,47,93.61702127659575,4,12.446808510638299,13,15,86.66666666666667,3,0.13333333333333333,34.2,33.0,39.0,13254,11075,7008,47566,47564,31601.0,0.27525462962962977,1129,27,0,3,3,31337,27,0,3600,42,1,"[0, 0, 72, 24]","{""J2"": 12, ""J10"": 22, ""J16"": 32}",policy/models/model_future_v39_yellow_test36_3.pth,5,45,4,True,885d4bcc67c61fdd400640f0278b2a230a431d99ff988cc04588825d2271ff62,0,0,,,,92.5,89.0625,100.0
46,v3.2,full,41,47,87.23404255319149,10,13.297872340425531,14,15,93.33333333333333,1,0.06666666666666667,35.27,35.0,40.0,12208,11169,8710,48998,48990,32031.0,0.2835069444444448,1129,27,0,3,3,32087,27,0,3600,42,1,"[0, 0, 72, 24]","{""J2"": 12, ""J10"": 22, ""J16"": 32}",policy/models/model_future_v39_yellow_test36_3.pth,5,45,4,True,885d4bcc67c61fdd400640f0278b2a230a431d99ff988cc04588825d2271ff62,0,0,,,,94.20289855072464,90.0,100.0
46,v3.3,full,43,47,91.48936170212765,5,12.106382978723405,13,15,86.66666666666667,3,0.13333333333333333,34.87,34.0,40.0,13473,10273,7433,47122,47121,31672.0,0.27269097222222344,1129,27,0,3,3,31179,27,0,3600,42,1,"[0, 0, 72, 24]","{""J2"": 12, ""J10"": 22, ""J16"": 32}",policy/models/model_future_v39_yellow_test36_3.pth,5,45,4,True,885d4bcc67c61fdd400640f0278b2a230a431d99ff988cc04588825d2271ff62,0,0,,,,89.1891891891892,88.88888888888889,100.0
46,v3.4,full,46,47,97.87234042553192,1,12.574468085106384,14,15,93.33333333333333,1,0.06666666666666667,35.87,36.0,39.6,12575,8498,5605,43333,43331,31559.0,0.25075810185185177,1127,29,0,3,3,26678,29,0,3600,42,1,"[0, 0, 72, 24]","{""J2"": 12, ""J10"": 22, ""J16"": 32}",policy/models/model_future_v39_yellow_test36_3.pth,5,45,4,True,885d4bcc67c61fdd400640f0278b2a230a431d99ff988cc04588825d2271ff62,0,0,,,,93.54838709677419,83.05084745762711,100.0
46,v3.5,full,43,47,91.48936170212765,7,12.787234042553191,13,15,86.66666666666667,5,0.13333333333333333,35.33,35.0,39.0,13183,9041,6033,44845,44841,31743.0,0.2594965277777773,1129,27,0,3,3,28257,27,0,3600,42,1,"[0, 0, 72, 24]","{""J2"": 12, ""J10"": 22, ""J16"": 32}",policy/models/model_future_v39_yellow_test36_3.pth,5,45,4,True,885d4bcc67c61fdd400640f0278b2a230a431d99ff988cc04588825d2271ff62,0,0,,,,93.75,80.76923076923077,100.0
46,v3.6,full,45,47,95.74468085106383,2,12.106382978723405,14,15,93.33333333333333,2,0.06666666666666667,33.73,34.0,38.0,13386,8477,5393,43508,43501,31480.0,0.2517418981481484,1130,26,0,3,3,27256,26,0,3600,42,1,"[0, 0, 72, 24]","{""J2"": 12, ""J10"": 22, ""J16"": 32}",policy/models/model_future_v39_yellow_test36_3.pth,5,45,4,True,885d4bcc67c61fdd400640f0278b2a230a431d99ff988cc04588825d2271ff62,0,0,,,,100.0,88.88888888888889,100.0
46,v3.7,full,47,47,100.0,0,10.851063829787234,14,15,93.33333333333333,2,0.06666666666666667,33.53,33.0,37.6,13357,9057,5774,45138,45136,31466.0,0.2612037037037034,1126,30,0,3,3,28188,30,0,3600,42,1,"[0, 0, 72, 24]","{""J2"": 12, ""J10"": 22, ""J16"": 32}",policy/models/model_future_v39_yellow_test36_3.pth,5,45,4,True,885d4bcc67c61fdd400640f0278b2a230a431d99ff988cc04588825d2271ff62,0,0,,,,100.0,92.3076923076923,100.0
