seed,mode,scope,no_stop_J2,cohort_J2,no_stop_J2_pct,waiting_E1_s,mean_E1_to_E5_s,no_stop_full,cohort_full,no_stop_full_pct,full_waiting_s,stops_per_vehicle,mean_J0_to_J16_s,median_J0_to_J16_s,p90_J0_to_J16_s,secondary_J2_s,secondary_J10_s,secondary_J16_s,network_waiting_s,waiting_time,effective_flow,avg_queue_length,arrived,pending,corridor_pending,strict_no_stop,strict_cohort,secondary_total_s,pending_active,pending_insertion,horizon_s,SUMO_seed,step_s,offsets,delays_s,checkpoint,green_min_s,green_max_s,yellow_s,deterministic,route_sha256,constraint_violations,teleports,reference_equal
42,v1,full,28,42,66.66666666666667,22,15.071428571428571,9,19,47.36842105263158,116,0.5263157894736842,44.0,38.0,53.0,13639,10582,4748,44024,44022,30956.0,0.254756944444445,1102,24,0,2,4,28969,23,1,3600,42,1,"[0, 0, 72, 24]","{""J2"": 11, ""J10"": 21, ""J16"": 31}",policy/models/model_future_v39_yellow_test36_3.pth,5,45,4,True,0fd9f1551887d27919a6754f65bdc5fd92ba437e22ecb262282230f091bb7ff9,0,0,True
42,v2,full,34,42,80.95238095238095,68,14.761904761904763,10,19,52.63157894736842,222,0.5263157894736842,48.74,38.0,92.8,12022,9078,4529,44223,44220,31264.0,0.255902777777778,1101,25,0,2,4,25629,24,1,3600,42,1,"[0, 0, 72, 24]","{""J2"": 11, ""J10"": 21, ""J16"": 31}",policy/models/model_future_v39_yellow_test36_3.pth,5,45,4,True,0fd9f1551887d27919a6754f65bdc5fd92ba437e22ecb262282230f091bb7ff9,0,0,True
42,v3,full,39,42,92.85714285714286,7,12.285714285714286,16,19,84.21052631578948,5,0.15789473684210525,37.16,38.0,40.0,19354,10593,5178,50977,50970,31620.0,0.294965277777777,1087,39,0,4,4,35125,38,1,3600,42,1,"[0, 0, 72, 24]","{""J2"": 12, ""J10"": 22, ""J16"": 32}",policy/models/model_future_v39_yellow_test36_3.pth,5,45,4,True,0fd9f1551887d27919a6754f65bdc5fd92ba437e22ecb262282230f091bb7ff9,0,0,True
43,v1,full,32,50,64.0,40,14.06,12,20,60.0,16,0.4,36.6,36.0,40.3,13001,10316,4783,43673,43670,30589.0,0.25271990740740746,1091,24,0,4,6,28100,24,0,3600,42,1,"[0, 0, 72, 24]","{""J2"": 11, ""J10"": 21, ""J16"": 31}",policy/models/model_future_v39_yellow_test36_3.pth,5,45,4,True,abaad6e4490640d1f9b8b0d6d45c0105c2f4d8ae7ecf10226a6d893c54911433,0,0,True
43,v2,full,34,50,68.0,29,14.18,12,20,60.0,176,0.5,44.9,36.0,100.1,11816,8605,4740,44029,44022,30663.0,0.2547569444444441,1092,23,0,5,6,25161,23,0,3600,42,1,"[0, 0, 72, 24]","{""J2"": 11, ""J10"": 21, ""J16"": 31}",policy/models/model_future_v39_yellow_test36_3.pth,5,45,4,True,abaad6e4490640d1f9b8b0d6d45c0105c2f4d8ae7ecf10226a6d893c54911433,0,0,True
43,v3,full,49,50,98.0,2,12.04,17,20,85.0,4,0.15,37.45,38.0,42.2,15734,10629,5356,48343,48341,30957.0,0.2797511574074071,1091,24,0,6,6,31719,24,0,3600,42,1,"[0, 0, 72, 24]","{""J2"": 12, ""J10"": 22, ""J16"": 32}",policy/models/model_future_v39_yellow_test36_3.pth,5,45,4,True,abaad6e4490640d1f9b8b0d6d45c0105c2f4d8ae7ecf10226a6d893c54911433,0,0,True
44,v1,full,23,48,47.916666666666664,43,15.0625,9,19,47.36842105263158,15,0.5263157894736842,36.79,36.0,40.4,13875,10664,5726,46171,46167,31923.0,0.26717013888888846,1115,22,0,5,8,30265,22,0,3600,42,1,"[0, 0, 72, 24]","{""J2"": 11, ""J10"": 21, ""J16"": 31}",policy/models/model_future_v39_yellow_test36_3.pth,5,45,4,True,39b6aa6adbf11a6517423e7450b295782f49a3c7d1c89d695d23257c27af4a52,0,0,True
44,v2,full,34,48,70.83333333333333,23,13.9375,10,19,52.63157894736842,64,0.47368421052631576,39.0,35.0,40.4,12135,9245,4855,45543,45537,32055.0,0.2635243055555562,1115,22,0,3,8,26235,22,0,3600,42,1,"[0, 0, 72, 24]","{""J2"": 11, ""J10"": 21, ""J16"": 31}",policy/models/model_future_v39_yellow_test36_3.pth,5,45,4,True,39b6aa6adbf11a6517423e7450b295782f49a3c7d1c89d695d23257c27af4a52,0,0,True
44,v3,full,46,48,95.83333333333333,3,12.5,18,19,94.73684210526316,1,0.05263157894736842,35.53,35.0,38.4,16038,10879,6708,50243,50236,32258.0,0.29071759259259283,1108,29,0,8,8,33625,29,0,3600,42,1,"[0, 0, 72, 24]","{""J2"": 12, ""J10"": 22, ""J16"": 32}",policy/models/model_future_v39_yellow_test36_3.pth,5,45,4,True,39b6aa6adbf11a6517423e7450b295782f49a3c7d1c89d695d23257c27af4a52,0,0,True
45,v1,full,32,45,71.11111111111111,22,13.822222222222223,13,20,65.0,9,0.35,36.6,37.0,40.1,12223,9113,3800,40972,40971,30595.0,0.23710069444444493,1096,29,0,5,6,25136,29,0,3600,42,1,"[0, 0, 72, 24]","{""J2"": 11, ""J10"": 21, ""J16"": 31}",policy/models/model_future_v39_yellow_test36_3.pth,5,45,4,True,262724aa45ead3dade6348f08be0d7718bfae3cd73848e115eacf48772be75e7,0,0,True
45,v2,full,36,45,80.0,15,13.244444444444444,14,20,70.0,176,0.35,44.75,35.5,96.5,11257,7957,4547,43461,43457,30950.0,0.2514872685185184,1095,30,0,5,6,23761,30,0,3600,42,1,"[0, 0, 72, 24]","{""J2"": 11, ""J10"": 21, ""J16"": 31}",policy/models/model_future_v39_yellow_test36_3.pth,5,45,4,True,262724aa45ead3dade6348f08be0d7718bfae3cd73848e115eacf48772be75e7,0,0,True
45,v3,full,43,45,95.55555555555556,2,12.044444444444444,19,20,95.0,1,0.05,35.45,36.0,39.2,14949,9688,5005,45999,45990,31010.0,0.2661458333333326,1095,30,0,6,6,29642,30,0,3600,42,1,"[0, 0, 72, 24]","{""J2"": 12, ""J10"": 22, ""J16"": 32}",policy/models/model_future_v39_yellow_test36_3.pth,5,45,4,True,262724aa45ead3dade6348f08be0d7718bfae3cd73848e115eacf48772be75e7,0,0,True
46,v1,full,25,47,53.191489361702125,42,14.851063829787234,8,15,53.333333333333336,11,0.4666666666666667,35.8,36.0,40.0,13439,10773,5641,45518,45516,31687.0,0.2634027777777783,1125,31,0,1,3,29853,31,0,3600,42,1,"[0, 0, 72, 24]","{""J2"": 11, ""J10"": 21, ""J16"": 31}",policy/models/model_future_v39_yellow_test36_3.pth,5,45,4,True,885d4bcc67c61fdd400640f0278b2a230a431d99ff988cc04588825d2271ff62,0,0,True
46,v2,full,40,47,85.1063829787234,16,13.191489361702128,15,15,100.0,0,0,35.33,34.0,39.6,11542,9268,5044,45143,45139,31624.0,0.2612210648148145,1132,24,0,3,3,25854,24,0,3600,42,1,"[0, 0, 72, 24]","{""J2"": 11, ""J10"": 21, ""J16"": 31}",policy/models/model_future_v39_yellow_test36_3.pth,5,45,4,True,885d4bcc67c61fdd400640f0278b2a230a431d99ff988cc04588825d2271ff62,0,0,True
46,v3,full,43,47,91.48936170212765,6,12.97872340425532,14,15,93.33333333333333,1,0.06666666666666667,34.87,35.0,38.8,18122,10999,6551,52237,52232,32160.0,0.3022685185185189,1126,30,0,3,3,35672,30,0,3600,42,1,"[0, 0, 72, 24]","{""J2"": 12, ""J10"": 22, ""J16"": 32}",policy/models/model_future_v39_yellow_test36_3.pth,5,45,4,True,885d4bcc67c61fdd400640f0278b2a230a431d99ff988cc04588825d2271ff62,0,0,True
